{"cameraMode":{"drawMode":0,"name":"Shaded","section":"Shading Mode"},"sceneLighting":false,"audioPlay":false,"sceneViewState":{"m_AlwaysRefresh":false,"showFog":true,"showSkybox":false,"showFlares":true,"showImageEffects":true,"showParticleSystems":true,"showVisualEffectGraphs":true,"m_FxEnabled":true},"in2DMode":false,"pivot":{"x":0.10000038146972656,"y":0.9120370149612427,"z":4.76837158203125e-7},"rotation":{"x":0.14393071830272675,"y":-0.7004293203353882,"z":0.14702078700065614,"w":0.6849468350410461},"size":5.870131015777588,"orthographic":false}