{"cameraMode":{"drawMode":0,"name":"Shaded","section":"Shading Mode"},"sceneLighting":false,"audioPlay":false,"sceneViewState":{"m_AlwaysRefresh":false,"showFog":true,"showSkybox":false,"showFlares":true,"showImageEffects":true,"showParticleSystems":true,"showVisualEffectGraphs":true,"m_FxEnabled":true},"in2DMode":false,"pivot":{"x":0.5745306015014648,"y":-1.1000988483428956,"z":0.19027328491210938},"rotation":{"x":0.2031577229499817,"y":0.2813479006290436,"z":-0.060300011187791827,"w":0.9370347261428833},"size":5.870131015777588,"orthographic":false}