{"cameraMode":{"drawMode":0,"name":"Shaded","section":"Shading Mode"},"sceneLighting":false,"audioPlay":false,"sceneViewState":{"m_AlwaysRefresh":false,"showFog":true,"showSkybox":true,"showFlares":true,"showImageEffects":true,"showParticleSystems":true,"showVisualEffectGraphs":true,"m_FxEnabled":true},"in2DMode":false,"pivot":{"x":-86.50529479980469,"y":-152.69711303710938,"z":-215.08172607421876},"rotation":{"x":0.00649210624396801,"y":0.9808250069618225,"z":-0.19254471361637116,"w":0.037903353571891788},"size":209.6487274169922,"orthographic":false}