{"cameraMode":{"drawMode":0,"name":"Shaded","section":"Shading Mode"},"sceneLighting":false,"audioPlay":false,"sceneViewState":{"m_AlwaysRefresh":false,"showFog":true,"showSkybox":true,"showFlares":true,"showImageEffects":true,"showParticleSystems":true,"showVisualEffectGraphs":true,"m_FxEnabled":true},"in2DMode":false,"pivot":{"x":27.709186553955079,"y":-980.1625366210938,"z":-2136.96142578125},"rotation":{"x":-0.0064001670107245449,"y":-0.9789288640022278,"z":0.19853124022483827,"w":-0.03059794008731842},"size":1510.3848876953125,"orthographic":false}