{"cameraMode":{"drawMode":0,"name":"Shaded","section":"Shading Mode"},"sceneLighting":false,"audioPlay":false,"sceneViewState":{"m_AlwaysRefresh":false,"showFog":true,"showSkybox":true,"showFlares":true,"showImageEffects":true,"showParticleSystems":true,"showVisualEffectGraphs":true,"m_FxEnabled":true},"in2DMode":false,"pivot":{"x":-20.588441848754884,"y":11.518607139587403,"z":3.8605284690856935},"rotation":{"x":-0.0013176209758967162,"y":-0.683347225189209,"z":0.0012404037406668068,"w":-0.7300014495849609},"size":1.164899230003357,"orthographic":false}