{"cameraMode":{"drawMode":0,"name":"Shaded","section":"Shading Mode"},"sceneLighting":false,"audioPlay":false,"sceneViewState":{"m_AlwaysRefresh":false,"showFog":true,"showSkybox":true,"showFlares":true,"showImageEffects":true,"showParticleSystems":true,"showVisualEffectGraphs":true,"m_FxEnabled":true},"in2DMode":false,"pivot":{"x":18.9594669342041,"y":43.605831146240237,"z":-624.4833984375},"rotation":{"x":-0.0004545259289443493,"y":0.9994850754737854,"z":0.030584463849663736,"w":0.014109378680586815},"size":317.90228271484377,"orthographic":false}