{"cameraMode":{"drawMode":0,"name":"Shaded","section":"Shading Mode"},"sceneLighting":false,"audioPlay":false,"sceneViewState":{"m_AlwaysRefresh":false,"showFog":true,"showSkybox":true,"showFlares":true,"showImageEffects":true,"showParticleSystems":true,"showVisualEffectGraphs":true,"m_FxEnabled":true},"in2DMode":false,"pivot":{"x":-187.67124938964845,"y":28.167177200317384,"z":-132.2784423828125},"rotation":{"x":-0.02269301749765873,"y":-0.8893647789955139,"z":-0.047381531447172168,"w":0.45617717504501345},"size":121.13365173339844,"orthographic":false}