{"cameraMode":{"drawMode":0,"name":"Shaded","section":"Shading Mode"},"sceneLighting":false,"audioPlay":false,"sceneViewState":{"m_AlwaysRefresh":false,"showFog":true,"showSkybox":true,"showFlares":true,"showImageEffects":true,"showParticleSystems":true,"showVisualEffectGraphs":true,"m_FxEnabled":true},"in2DMode":false,"pivot":{"x":-23.82537841796875,"y":7.9080610275268559,"z":-3.269205093383789},"rotation":{"x":-0.004747483413666487,"y":-0.9804219603538513,"z":-0.024120070040225984,"w":0.19419865310192109},"size":8.424979209899903,"orthographic":false}