{"cameraMode":{"drawMode":0,"name":"Shaded","section":"Shading Mode"},"sceneLighting":true,"audioPlay":false,"sceneViewState":{"m_AlwaysRefresh":false,"showFog":true,"showSkybox":true,"showFlares":true,"showImageEffects":true,"showParticleSystems":true,"showVisualEffectGraphs":true,"m_FxEnabled":true},"in2DMode":false,"pivot":{"x":-8.531018257141114,"y":-0.5611172914505005,"z":-10.226113319396973},"rotation":{"x":-0.015575157478451729,"y":0.9507904052734375,"z":-0.048553355038166049,"w":-0.30571630597114565},"size":8.259485244750977,"orthographic":false}