{"cameraMode":{"drawMode":0,"name":"Shaded","section":"Shading Mode"},"sceneLighting":false,"audioPlay":false,"sceneViewState":{"m_AlwaysRefresh":false,"showFog":true,"showSkybox":true,"showFlares":true,"showImageEffects":true,"showParticleSystems":true,"showVisualEffectGraphs":true,"m_FxEnabled":true},"in2DMode":false,"pivot":{"x":-24.86334991455078,"y":0.013829117640852929,"z":-0.4907856285572052},"rotation":{"x":-0.05846041813492775,"y":0.6868298649787903,"z":-0.056070663034915927,"w":-0.7237366437911987},"size":17.889970779418947,"orthographic":false}