{"cameraMode":{"drawMode":0,"name":"Shaded","section":"Shading Mode"},"sceneLighting":false,"audioPlay":false,"sceneViewState":{"m_AlwaysRefresh":false,"showFog":true,"showSkybox":false,"showFlares":true,"showImageEffects":true,"showParticleSystems":true,"showVisualEffectGraphs":true,"m_FxEnabled":true},"in2DMode":false,"pivot":{"x":-1.3081046342849732,"y":0.39799344539642336,"z":35.06598663330078},"rotation":{"x":-0.059542812407016757,"y":0.33691540360450747,"z":-0.022231366485357286,"w":-0.9391214847564697},"size":6.217369079589844,"orthographic":false}