{"cameraMode":{"drawMode":0,"name":"Shaded","section":"Shading Mode"},"sceneLighting":false,"audioPlay":false,"sceneViewState":{"m_AlwaysRefresh":false,"showFog":true,"showSkybox":false,"showFlares":true,"showImageEffects":true,"showParticleSystems":true,"showVisualEffectGraphs":true,"m_FxEnabled":true},"in2DMode":false,"pivot":{"x":-2.5226635932922365,"y":1.0300073623657227,"z":1.3146753311157227},"rotation":{"x":0.19952642917633058,"y":-0.24051938951015473,"z":0.04750942811369896,"w":0.9495165348052979},"size":6.150783538818359,"orthographic":false}