{"cameraMode":{"drawMode":0,"name":"Shaded","section":"Shading Mode"},"sceneLighting":false,"audioPlay":false,"sceneViewState":{"m_AlwaysRefresh":false,"showFog":true,"showSkybox":false,"showFlares":true,"showImageEffects":true,"showParticleSystems":true,"showVisualEffectGraphs":true,"m_FxEnabled":true},"in2DMode":false,"pivot":{"x":-3.7870588302612306,"y":-0.8824009895324707,"z":0.9919512271881104},"rotation":{"x":0.20560680329799653,"y":-0.6684378385543823,"z":0.19504119455814362,"w":0.6887754797935486},"size":8.370366096496582,"orthographic":false}