{"cameraMode":{"drawMode":0,"name":"Shaded","section":"Shading Mode"},"sceneLighting":false,"audioPlay":false,"sceneViewState":{"m_AlwaysRefresh":false,"showFog":true,"showSkybox":false,"showFlares":true,"showImageEffects":true,"showParticleSystems":true,"showVisualEffectGraphs":true,"m_FxEnabled":true},"in2DMode":false,"pivot":{"x":-34.99641418457031,"y":-1.9289108514785767,"z":0.5292056798934937},"rotation":{"x":0.08216176927089691,"y":-0.2088836431503296,"z":0.014558671973645687,"w":0.9754411578178406},"size":6.150783538818359,"orthographic":false}