{"cameraMode":{"drawMode":0,"name":"Shaded","section":"Shading Mode"},"sceneLighting":false,"audioPlay":false,"sceneViewState":{"m_AlwaysRefresh":false,"showFog":true,"showSkybox":false,"showFlares":true,"showImageEffects":true,"showParticleSystems":true,"showVisualEffectGraphs":true,"m_FxEnabled":true},"in2DMode":false,"pivot":{"x":9.335200309753418,"y":-10.548413276672364,"z":-15.615340232849121},"rotation":{"x":0.07185894250869751,"y":0.9264405965805054,"z":-0.28777870535850527,"w":0.23090262711048127},"size":12.12435531616211,"orthographic":false}