{"cameraMode":{"drawMode":0,"name":"Shaded","section":"Shading Mode"},"sceneLighting":false,"audioPlay":false,"sceneViewState":{"m_AlwaysRefresh":false,"showFog":true,"showSkybox":false,"showFlares":true,"showImageEffects":true,"showParticleSystems":true,"showVisualEffectGraphs":true,"m_FxEnabled":true},"in2DMode":false,"pivot":{"x":-0.9597213864326477,"y":0.34485161304473879,"z":-1.9985644817352296},"rotation":{"x":-0.0925402119755745,"y":-0.8786187171936035,"z":0.43041178584098818,"w":-0.1902306079864502},"size":3.0012757778167726,"orthographic":false}