{"cameraMode":{"drawMode":0,"name":"Shaded","section":"Shading Mode"},"sceneLighting":false,"audioPlay":false,"sceneViewState":{"m_AlwaysRefresh":false,"showFog":true,"showSkybox":false,"showFlares":true,"showImageEffects":true,"showParticleSystems":true,"showVisualEffectGraphs":true,"m_FxEnabled":true},"in2DMode":false,"pivot":{"x":-40.07834243774414,"y":1.8703632354736329,"z":-0.05398169159889221},"rotation":{"x":-0.11381088942289353,"y":0.7127494812011719,"z":-0.11866139620542526,"w":-0.6833117604255676},"size":3.0012757778167726,"orthographic":false}