{"cameraMode":{"drawMode":0,"name":"Shaded","section":"Shading Mode"},"sceneLighting":false,"audioPlay":false,"sceneViewState":{"m_AlwaysRefresh":false,"showFog":true,"showSkybox":false,"showFlares":true,"showImageEffects":true,"showParticleSystems":true,"showVisualEffectGraphs":true,"m_FxEnabled":true},"in2DMode":false,"pivot":{"x":-0.057148754596710208,"y":3.0607078075408937,"z":-0.06802491843700409},"rotation":{"x":-0.19702214002609254,"y":0.6826330423355103,"z":-0.19895006716251374,"w":-0.6764470934867859},"size":3.057393789291382,"orthographic":false}